distance_measure,k,cluster_number,top_terms
euclidean,3,1,"porus; alexandre; bessus; t'éblouisse; s'obstinera; j'imite; l'héroïque; lavera; axiane; persane"
euclidean,3,2,"moi; tout; c'est; lui; bien; qu'il; point; fait; d'un; coeur"
euclidean,3,3,"lucrèce; cliton; livrai; revîntes; incartades; s'obtenir; s'embrase; cajolée; fagoté; d'allée"
euclidean,4,1,"moi; bien; c'est; tout; qu'il; lui; point; fait; j'ai; coeur"
euclidean,4,2,"sir; jane; dream; sphere; yesterday; what; veil; wedding; cetera; muscular"
euclidean,4,3,"all; would; lui; could; what; tout; very; said; moi; c'est"
euclidean,4,4,"cosette; marius; nicolette; valjean; jean; tendit; toussaint; bouderie; platitudes; fourvoyé"
euclidean,5,1,"othon; lacus; vinius; galba; d'othon; dédaignerait; l'aigrissez; craignît; d'atticus; n'interromps"
euclidean,5,2,"n'attendait; spitridate; plausibles; mutinait; mourraient; arrêteriez; orne; contemplais; abaissiez; figurais"
euclidean,5,3,"solime; salomé; juda; alexandre; qu'appuyant; fisses; j'animai; d'intelligences; hérode; l'arrêtait"
euclidean,5,4,"moi; bien; c'est; tout; qu'il; lui; point; fait; j'ai; coeur"
euclidean,5,5,"all; would; lui; could; what; tout; very; said; moi; c'est"
manhattan,3,1,"coeur; gloire; qu'il; trop; lui; moi; c'est; d'un; peut; trône"
manhattan,3,2,"moi; coeur; vos; lui; d'un; tout; qu'il; trop; c'est; peut"
manhattan,3,3,"moi; tout; c'est; lui; bien; qu'il; point; fait; d'un; coeur"
manhattan,4,1,"reine; comte; cécile; esprit; majesté; barons; oui; bonté; état; ressentiment"
manhattan,4,2,"moi; vos; coeur; seigneur; d'un; lui; tout; trop; peut; point"
manhattan,4,3,"moi; tout; c'est; lui; bien; qu'il; point; fait; d'un; coeur"
manhattan,4,4,"moi; tout; c'est; lui; bien; qu'il; point; fait; d'un; coeur"
manhattan,5,1,"all; would; could; what; very; said; one; when; now; more"
manhattan,5,2,"bouquets; comédiens; achetez; giroflée; fleurissez; marchande; d'ariettes; savetier; directeur; thalie"
manhattan,5,3,"moi; tout; c'est; lui; bien; qu'il; point; fait; d'un; coeur"
manhattan,5,4,"coeur; gloire; qu'il; trop; lui; moi; c'est; d'un; trône; peut"
manhattan,5,5,"dom; madrid; d'abord; bien; isabelle; cavalier; maîtresse; séville; ordugno; d'avalos"